,station_name,station_latitude,station_longitude,station_no,station_id,itemDate,itemValue,itemValue2,accumRange,ts_id,oldtime,id
0,Abbey St Bathans,55.8532963314108,-2.38744835623352,15018,24739,2021-05-31 14:00:00,0.0,0.0,0,130917010,0,234
1,Aberlour,57.48021805,-3.205975095,234150,25254,2021-05-31 12:00:00,0.0,0.0,0,130797010,0,80
2,Affric Lodge,57.26272622,-5.005979754,115301,22286,2021-04-26 10:00:00,0.6,0.6,1,130230010,1,272
3,Alford,57.24230294,-2.717123004,234170,25333,2021-05-31 13:00:00,0.0,0.0,0,130167010,0,162
4,Allanfearn,57.49914747,-4.151564133,115302,22293,2021-05-31 12:00:00,0.2,0.2,1,130770010,0,254
5,Allnabad,58.3471767644614,-4.64462101395753,234151,25261,2021-05-31 13:00:00,0.0,0.0,0,130314010,0,198
6,Allt Dearg House,57.28490502,-6.187008123,115304,22297,2021-05-31 15:00:00,0.0,0.0,0,130233010,0,1
7,Amlaird,55.66964373,-4.413260863,115500,22641,2021-05-31 12:00:00,0.0,0.0,0,130398010,0,31
8,Amod Farm,55.35009103,-5.717857841,115501,22646,2021-05-31 13:00:00,0.0,0.0,0,130401010,0,81
9,Annfield,56.06640057,-3.371633207,15198,25112,2021-05-31 14:00:00,0.2,0.2,1,130665010,0,256
10,Ashgrove,55.66308049,-4.757486092,115506,22665,2021-05-31 12:00:00,0.0,0.0,0,130404010,0,141
11,Auchdergannach,57.22063972,-3.651932222,491811,27410,2021-05-31 12:00:00,0.4,0.4,1,130875010,0,110
12,Auchentroig,56.11221933,-4.342412217,15163,25030,2021-05-31 08:00:00,0.0,0.0,0,130635010,0,190
13,Auchinner,56.31678388,-4.112254665,14964,24525,2021-05-31 14:00:00,0.0,0.0,0,130986010,0,214
14,Auchnafree,56.47302976,-3.904678161,14952,24458,2021-05-17 13:00:00,0.6,0.6,1,130974010,1,173
15,Avochie,57.50564634,-2.782377895,234161,25306,2021-05-31 14:00:00,0.0,0.0,0,130800010,0,149
16,Avonbank,55.66347112,-4.051617294,322556,26093,2021-05-31 12:00:00,0.0,0.0,0,130509010,0,183
17,Ayton Castle,55.8472764491842,-2.11461102258224,15132,24968,2021-05-31 12:00:00,0.0,0.0,0,130938010,0,49
18,Badbea,57.8624394131174,-5.31874666420385,518147,981490,2021-05-31 15:00:00,0.0,0.0,0,130395010,0,207
19,Baddinsgill Reservoir,55.7838820984555,-3.39458495099376,15103,24898,2021-05-31 08:00:00,0.0,0.0,0,130926010,0,165
20,Baintown Rain-gauge,56.22101614,-3.042679056,501947,27519,2021-05-31 12:00:00,0.0,0.0,0,130749010,0,211
21,Balfron STW,56.0652344105772,-4.33334331797487,517412,977323,2021-05-31 11:00:00,0.0,0.0,0,130569010,0,64
22,Balgray RG,55.73428872,-4.5878755,490985,27402,2021-05-31 12:00:00,0.0,0.0,0,130557010,0,51
23,Balmedie STW,57.25007263,-2.0473803,115202,22140,2021-05-31 15:00:00,0.0,0.0,0,130128010,0,17
24,Baluniefield,56.48264025,-2.905576117,374852,27145,2021-05-31 13:00:00,0.0,0.0,0,131046010,0,147
25,Bannockburn,56.09528478,-3.911816854,14897,24187,2021-05-31 12:00:00,0.0,0.0,0,130596010,0,176
26,Beltmoss,55.98678855,-4.056528766,327235,26120,2021-05-31 12:00:00,0.0,0.0,0,130518010,0,71
27,Biggar Burn,55.6503509335496,-3.54376527843482,368536,27075,2021-05-31 14:00:00,0.0,0.0,0,130950010,0,91
28,Birkie Hue,58.16554218,-6.740713858,320371,26048,2021-05-31 13:00:00,0.0,0.0,0,130350010,0,87
29,Blackdyke Farm,55.52935031,-4.326283061,115516,22694,2021-05-31 12:00:00,0.0,0.0,0,130407010,0,4
30,Blackhills No 2,57.61017023,-3.222796593,115203,22147,2021-05-31 12:00:00,0.0,0.0,0,130752010,0,135
31,Boleside,55.5916432342931,-2.79887877404223,533744,24712,2021-05-31 14:00:00,0.0,0.0,0,130914010,0,48
32,Boreland,55.20254702,-3.320073284,115518,22702,2021-05-31 15:00:00,0.0,0.0,0,130016010,0,100
33,Bow Burn - WQMS,55.44068058,-4.498633861,101227,22127,2021-05-31 12:00:00,3.6,3.6,5,151786010,0,119
34,Braco (Dunduff),56.28192154,-3.904225732,15161,25023,2021-05-31 12:00:00,0.0,0.0,0,130632010,0,245
35,Braeroy Lodge,56.98511362,-4.738585589,115315,22331,2021-05-31 11:00:00,0.0,0.0,0,130239010,0,79
36,Braidlie,55.26142915,-2.824951121,133144,23827,2021-05-31 13:00:00,0.0,0.0,0,130091010,0,2
37,Brigton,55.03779638,-4.566314357,115521,22710,2021-05-31 15:00:00,0.0,0.0,0,130019010,0,8
38,Broadside,56.02806207,-3.978158502,335609,26198,2021-05-31 12:00:00,0.0,0.0,0,130698010,0,232
39,Brockhoperig,55.4061285999832,-3.21151338374637,14987,24646,2021-05-31 13:00:00,0.0,0.0,0,130896010,0,39
40,Burnfoot (Hawknest),55.66513433,-3.895712474,115523,22715,2021-05-31 08:00:00,0.0,0.0,0,130410010,0,116
41,Bush,55.86190844,-3.206554074,335612,26203,2021-05-31 12:00:00,0.0,0.0,0,130701010,0,7
42,Cabrach,57.34816,-3.034565786,234176,25356,2021-05-31 14:00:00,0.0,0.0,0,130803010,0,132
43,Cairngorm Raingauge and Snow Scale,57.1277019960426,-3.66295585786453,523676,1055285,2020-12-30 10:00:00,8.0,8.0,10,130881010,1,222
44,Caldercruix STW,55.88933558,-3.904553259,115526,22723,2021-05-31 12:00:00,0.0,0.0,0,130413010,0,42
45,Cambo Sands,56.3008799,-2.650067453,338380,26689,2021-05-31 13:00:00,0.2,0.2,1,131031010,0,244
46,Camphill WTW Raingauge,55.75032761,-4.74461262,490984,27398,2021-05-31 12:00:00,0.0,0.0,0,130554010,0,228
47,Canonbie Raingauge,55.07786221,-2.942088127,306455,26037,2021-05-31 15:00:00,0.0,0.0,0,130103010,0,253
48,Capenoch Raingauge,55.2266681707693,-3.8169342186531,576753,1572835,2021-05-31 15:00:00,0.0,0.0,0,130094010,0,238
49,Carmyllie-Hume Farm,56.5746496931231,-2.74133187731856,577951,1586082,2021-05-31 15:00:00,0.0,0.0,0,153018010,0,47
50,Castle Kennedy,54.90675279,-4.944931414,116042,23303,2021-05-31 15:00:00,0.0,0.0,0,130085010,0,150
51,Charr,56.94084906,-2.619402267,234183,25373,2021-04-01 13:00:00,3.2,3.2,5,130170010,1,250
52,Chesters,55.3786296146422,-2.58960768063178,15004,24691,2021-05-31 14:00:00,0.0,0.0,0,130905010,0,102
53,Cheyne,56.97482596,-2.266470239,335574,26168,2021-05-31 11:00:00,0.0,0.0,0,130179010,0,55
54,Clachan-Seil,56.30375755,-5.601429727,115534,22743,2021-05-31 12:00:00,0.0,0.0,0,130416010,0,112
55,Cleuchhead,56.94774412,-2.388756894,499810,27501,2021-05-31 15:00:00,0.0,0.0,0,130221010,0,65
56,Coignafearn,57.23285188,-4.139289943,115318,22344,2021-05-31 14:00:00,0.0,0.0,0,130773010,0,158
57,Coille Mhorgil,57.0643694,-5.134923813,115319,22351,2021-05-31 13:00:00,0.0,0.0,0,130245010,0,84
58,Colliston,56.61000991,-2.637841019,14921,24301,2021-05-31 14:00:00,0.0,0.0,0,130962010,0,204
59,Comer Farm,56.2015072327063,-4.60131037579935,552791,1296130,2021-03-01 09:00:00,-0.0,0.0,0,144067010,1,273
60,Comiston Rain Gauge,55.9101940076868,-3.21598826974242,525510,1084115,2021-05-31 12:00:00,0.0,0.0,0,134632010,0,191
61,Corrimony,57.33501743,-4.699729622,115322,22368,2021-05-31 12:00:00,0.0,0.0,0,130776010,0,15
62,Corsock,55.05876816,-3.945715778,336434,26552,2021-05-31 14:00:00,0.0,0.0,0,136456010,0,154
63,Craigdarroch,55.196659,-3.981943267,115541,22763,2021-05-31 15:00:00,0.0,0.0,0,130022010,0,208
64,Craigenlee Croft Raingauge,54.8629459170786,-5.07527966446311,513003,931967,2021-05-31 15:00:00,0.0,0.0,0,130125010,0,276
65,Creed Bridge,58.20454028,-6.424227928,234190,25403,2020-12-30 10:00:00,6.0,6.0,10,130317010,1,13
66,Crichton,55.84509063,-2.988655721,15224,25178,2021-05-31 12:00:00,0.0,0.0,0,130686010,0,41
67,Cullen,57.68712295,-2.83323079,234192,25416,2021-05-31 12:00:00,0.0,0.0,0,130806010,0,93
68,Culloden Battlefield,57.47676464,-4.09126842,498341,27480,2021-05-31 12:00:00,0.2,0.2,1,130878010,0,54
69,Culzean Castle,55.35068095,-4.791520726,115544,22774,2021-05-31 12:00:00,0.0,0.0,0,130419010,0,152
70,Dalbeattie STW,54.92152642,-3.821987578,115546,22782,2021-05-31 15:00:00,0.2,0.2,1,130025010,0,29
71,Dalblair,55.44485443,-4.1519297,538510,1226220,2021-05-31 12:00:00,0.0,0.0,0,139895010,0,3
72,Daldowie STW,55.83262494,-4.122714806,327232,26109,2021-05-31 12:00:00,0.0,0.0,0,130512010,0,16
73,Dallachy No 2,57.66404417,-3.071018416,205724,25242,2021-05-31 08:00:00,0.0,0.0,0,130794010,0,142
74,Dalmarnock STW,55.8374507,-4.216965486,327234,26115,2021-05-31 12:00:00,0.0,0.0,0,130515010,0,201
75,Dalnamein,56.79925858,-4.053453634,14960,24500,2021-05-31 13:00:00,0.0,0.0,0,130980010,0,185
76,Dalwhinnie,56.94069555,-4.238639574,302120,26011,2021-05-31 11:00:00,0.0,0.0,0,130833010,0,9
77,Deanston RG,56.19223931,-4.077181451,341338,26744,2021-05-31 04:00:00,0.0,0.0,0,130725010,0,270
78,Delnashaugh,57.39970792,-3.357845061,234198,25434,2021-05-31 15:00:00,0.0,0.0,0,130809010,0,117
79,Derry Lodge,57.02065155,-3.58738853,454765,27238,2021-04-27 11:00:00,6.4,6.4,10,130218010,1,225
80,Deskry Shiel,57.18037959,-2.983867766,335582,26190,2021-05-31 15:00:00,0.0,0.0,0,130185010,0,144
81,Dingwall,57.5999202496956,-4.44699709665912,115329,22388,2021-05-31 10:00:00,0.0,0.0,0,130254010,0,120
82,Dippen,55.58274848,-5.496523588,133077,23495,2021-05-31 09:00:00,0.0,0.0,0,130485010,0,0
83,Dipple,57.61125291,-3.115476523,115217,22183,2021-05-31 12:00:00,0.0,0.0,0,130755010,0,219
84,Dosmucheran,57.59587318,-5.005770119,234202,25445,2021-05-31 15:00:00,0.0,0.0,0,130320010,0,196
85,Drum,56.18484641,-3.532323684,464646,27317,2021-05-31 12:00:00,0.0,0.0,0,130740010,0,45
86,Drumjohn,55.24992466,-4.32205779,115557,22805,2021-05-31 15:00:00,0.0,0.0,0,130028010,0,170
87,Drummore of Cantray,57.48325079,-4.006176025,377134,27150,2021-05-31 12:00:00,0.2,0.2,1,130860010,0,212
88,Dunbar,56.00371307,-2.52752897,15216,25161,2021-05-31 13:00:00,0.0,0.0,0,130683010,0,242
89,Dundreggan Rain Gauge,57.1916154062172,-4.76763419920281,530175,1145666,2021-05-31 11:00:00,0.0,0.0,0,136468010,0,57
90,Dunglass,55.94267446,-2.382881362,15208,25139,2018-01-30 10:00:00,1.4,1.4,5,130677010,1,230
91,Dunnottar Radio Station,56.9465249628923,-2.21202446021694,509196,853353,2021-05-31 15:00:00,0.0,0.0,0,130224010,0,257
92,Dunnswood STW (Cumbernauld),55.97221885,-3.954505606,15180,25064,2021-05-26 16:00:00,7.0,7.0,10,130647010,1,98
93,Dunstaffnage,56.45050242,-5.439870612,365257,26982,2021-05-31 12:00:00,0.0,0.0,0,130539010,0,223
94,Durkadale,59.10852817,-3.232172832,234207,25462,2020-12-30 10:00:00,0.0,0.0,0,130323010,1,12
95,East Kilbride,55.75477386,-4.171759227,115560,22816,2021-05-31 12:00:00,0.0,0.0,0,130422010,0,227
96,Edinburgh RBG (Royal Botanic Garden),55.9666233709368,-3.21231073711968,15201,25124,2021-05-31 08:00:00,0.0,0.0,0,130671010,0,263
97,Einig Wood,57.94421601,-4.764511928,492363,27414,2021-05-31 16:00:00,0.0,0.0,0,130386010,0,121
98,Eliock,55.34583036,-3.899113859,115562,22824,2021-05-31 15:00:00,0.0,0.0,0,130031010,0,18
99,Eskdalemuir Observatory,55.3115132595484,-3.20679877544895,15100,971349,2021-05-31 15:00:00,0.0,0.0,0,130100010,0,159
100,Esslemont House,57.36510966,-2.112363417,115221,22193,2021-05-31 15:00:00,0.0,0.0,0,130134010,0,30
101,Ettrick Bay,55.85650223,-5.145834193,115563,22829,2021-05-31 08:00:00,0.0,0.0,0,130425010,0,157
102,Fife Airport,56.1816502,-3.222449068,15151,25001,2021-05-31 16:00:00,0.0,0.0,0,130620010,0,237
103,Flichity,57.33128618,-4.221750189,115339,22415,2021-05-31 12:00:00,0.0,0.0,0,130779010,0,200
104,Forehill,57.50635026,-1.843281987,336372,26519,2021-05-31 15:00:00,0.0,0.0,0,130197010,0,118
105,Forsinain,58.41100711,-3.873563607,115340,22421,2021-05-31 15:00:00,0.0,0.0,0,130257010,0,205
106,Forter,56.76674681,-3.332205729,14948,24433,2021-05-31 14:00:00,0.0,0.0,0,130968010,0,269
107,Fourmerkland,55.1650788,-3.412506453,115565,22837,2021-05-31 15:00:00,0.0,0.0,0,130034010,0,169
108,Frenich Farm,56.2269416185393,-4.56047224967827,552790,1296133,2021-05-31 13:00:00,0.0,0.0,0,143640010,0,105
109,Gairnshiel,57.09199509,-3.165582141,115223,22198,2021-05-31 13:00:00,0.0,0.0,0,130137010,0,182
110,Gargunnock,56.13266077,-4.070571402,14892,24163,2021-05-31 16:00:00,0.0,0.0,0,130593010,0,127
111,Garls Craig,55.36599829,-3.616030256,301168,25995,2021-05-31 12:00:00,0.0,0.0,0,130503010,0,89
112,Garrogie Lodge,57.17006125,-4.442843871,464495,27294,2021-05-31 14:00:00,0.0,0.0,0,130866010,0,76
113,Gatelawbridge,55.25076797,-3.730683565,115568,22848,2021-05-31 13:00:00,0.0,0.0,0,130037010,0,271
114,Gella Bridge,56.77535832,-3.027929218,14916,24271,2021-05-31 13:00:00,0.0,0.0,0,130956010,0,193
115,Gifford Rain Gauge,55.89043578,-2.768969478,474984,27360,2021-05-31 12:00:00,0.2,0.2,1,130746010,0,134
116,Gilston,55.80025456,-2.883463821,15114,24922,2021-05-31 12:00:00,0.0,0.0,0,130929010,0,261
117,Gladhouse Reservoir,55.7784118,-3.117398754,15204,25131,2021-05-31 12:00:00,0.0,0.0,0,130674010,0,66
118,Glen Ample,56.354577358483,-4.26999369364804,335745,853373,2021-05-31 13:00:00,0.0,0.0,0,131028010,0,75
119,Glen Nevis,56.79923208,-5.067543348,115343,22436,2021-05-31 15:00:00,0.0,0.0,0,130260010,0,52
120,Glen Strae,56.42522107,-5.000795867,133088,23551,2021-05-31 15:00:00,0.0,0.0,0,130488010,0,85
121,Glenbreck,55.4820219628409,-3.47775472797171,368490,27041,2021-05-31 14:00:00,0.0,0.0,0,130947010,0,139
122,Glenmavis,55.89359141,-4.013210328,327238,26130,2021-05-31 12:00:00,0.0,0.0,0,130524010,0,155
123,Glenmore Lodge No 2,57.16421784,-3.677609728,115225,22206,2021-05-31 12:00:00,0.0,0.0,0,130758010,0,33
124,Glenmuick No2,56.95161175,-3.141253355,367371,27015,2021-05-31 15:00:00,0.0,0.0,0,130209010,0,50
125,Glenochil,56.14364525,-3.839304837,14891,24157,2021-05-31 12:00:00,0.0,0.0,0,130590010,0,221
126,Glenquey,56.20739317,-3.642080305,464636,27308,2021-05-31 12:00:00,0.0,0.0,0,130734010,0,44
127,Gogarbank,55.92834002,-3.342742573,15196,25107,2021-05-31 12:00:00,0.0,0.0,0,130662010,0,34
128,Gordon Arms,55.5113722712304,-3.09640690612754,14984,24629,2021-05-31 13:00:00,0.0,0.0,0,130893010,0,83
129,Greenock,55.94370132,-4.723991358,327292,26135,2021-05-31 12:00:00,0.0,0.0,0,130527010,0,248
130,Haddington STW,55.9605092339233,-2.75022457021791,15226,25188,2021-05-31 12:00:00,0.2,0.2,1,130692010,0,131
131,Halkirk,58.5154974,-3.493004244,234231,25560,2021-05-31 15:00:00,0.0,0.0,0,130326010,0,177
132,Harelaw,55.91651494,-3.086776845,335614,26208,2021-05-31 12:00:00,0.2,0.2,1,130704010,0,95
133,Harperrig,55.83652095,-3.435270947,15200,25119,2021-05-31 12:00:00,0.0,0.0,0,130668010,0,163
134,Hatton (Perth),56.52513594,-2.648539891,335640,26247,2021-05-31 13:00:00,0.2,0.2,1,131010010,0,184
135,Hatton No 2,57.42757524,-1.909678484,115227,22214,2021-05-31 15:00:00,0.2,0.2,1,130140010,0,21
136,Hazelwood Cottage,56.2671528358581,-5.49466255293018,115582,22886,2021-05-31 12:00:00,0.0,0.0,0,130437010,0,35
137,High Corrie (Gartmore),56.1262023,-4.446294544,15166,25038,2021-05-31 12:00:00,0.0,0.0,0,130638010,0,6
138,Hunterston Terminal,55.74447583,-4.86116797,469625,27322,2021-05-31 12:00:00,0.0,0.0,0,130545010,0,82
139,Hydro Gardens Moffat,55.34214596,-3.452988353,115584,22892,2021-05-31 13:00:00,0.0,0.0,0,130040010,0,181
140,Inchvuilt,57.40830735,-4.957620811,115354,22470,2021-05-31 13:00:00,0.0,0.0,0,130272010,0,73
141,Ingleston Farm,54.81170556,-4.166358356,115585,22897,2021-05-31 15:00:00,0.0,0.0,0,130043010,0,268
142,Inshes,57.45203372,-4.184715941,336367,26499,2021-05-31 12:00:00,0.2,0.2,1,130839010,0,25
143,Inverewe Garden,57.77399694,-5.596995718,115356,22476,2021-05-31 11:00:00,0.0,0.0,0,130275010,0,187
144,Inverey,56.98569953,-3.500915775,115230,22225,2021-05-31 15:00:00,0.0,0.0,0,130143010,0,186
145,Invermark,56.91121364,-2.914811966,14926,24331,2021-05-31 13:00:00,0.0,0.0,0,130161010,0,203
146,Inveruglas,56.2473573,-4.71287133,115588,22908,2021-05-31 11:00:00,0.0,0.0,0,130440010,0,231
147,Inverurie,57.2583172,-2.362253256,367365,27008,2021-05-31 11:00:00,0.0,0.0,0,130206010,0,215
148,Irvine Gailes,55.58754361,-4.663320263,115589,22914,2021-05-31 11:00:00,0.0,0.0,0,130443010,0,123
149,Jedburgh,55.4852912237259,-2.54668703951087,15006,24698,2021-05-31 14:00:00,0.0,0.0,0,130908010,0,124
150,Keith,57.55084994,-2.952079018,367360,26998,2021-05-31 16:00:00,0.0,0.0,0,130851010,0,137
151,Killermont Raingauge,55.91108458,-4.305014408,341380,26782,2021-05-31 11:00:00,0.0,0.0,0,130533010,0,255
152,Killilan,57.31881832,-5.424835603,234252,25639,2021-05-31 13:00:00,0.0,0.0,0,130329010,0,19
153,Killin,56.45816211,-4.331876561,14933,24369,2021-05-31 14:00:00,0.0,0.0,0,130965010,0,10
154,Kilphedir,58.1413891058536,-3.70281401936696,234253,25646,2021-05-31 15:00:00,0.0,0.0,0,130332010,0,174
155,Kinbuck,56.2255551,-3.949530685,14890,24151,2019-08-05 12:00:00,7.9,7.9,10,130587010,1,130
156,Kindrogan,56.74926972,-3.544931301,14955,24476,2021-05-31 14:00:00,0.0,0.0,0,130977010,0,22
157,Kinghorn Ecology Centre Rain Gauge,56.07462319,-3.193432968,473550,27345,2021-05-31 12:00:00,0.0,0.0,0,130743010,0,109
158,Kingledores,55.54240926,-3.413947163,14972,24573,2021-05-31 14:00:00,0.0,0.0,0,130884010,0,53
159,Kinkell Bridge,56.33018709,-3.726992915,14968,24549,2021-05-31 14:00:00,0.0,0.0,0,130989010,0,136
160,Kinmount House,55.01095443,-3.351411196,115596,22934,2021-05-31 15:00:00,0.0,0.0,0,130046010,0,68
161,Kirkcaldy,56.11765342,-3.147961765,335617,26213,2021-05-31 12:00:00,0.0,0.0,0,130707010,0,129
162,Kirkcudbright Raingauge,54.84543419,-4.038511682,504458,27588,2021-05-31 15:00:00,0.0,0.0,0,130119010,0,266
163,Kirkwall,58.9862236273856,-2.9493528634113,515885,975787,2021-05-31 15:00:00,0.0,0.0,0,130392010,0,133
164,Kirriemuir STW,56.65983513,-2.999773468,361048,26938,2021-05-31 13:00:00,0.0,0.0,0,131043010,0,233
165,Kirriereoch,55.15077902,-4.571934377,115599,22945,2021-05-31 16:00:00,0.0,0.0,0,130052010,0,202
166,Knockanrock,58.03118174,-5.07294078,115363,22495,2021-05-31 10:00:00,0.0,0.0,0,130281010,0,180
167,Ladyflat Farm,55.7563671174819,-2.36950120236659,368486,27034,2021-05-31 14:00:00,0.0,0.0,0,130944010,0,78
168,Lagafater Lodge,55.04328363,-4.913741812,115600,22950,2021-05-31 15:00:00,0.0,0.0,0,130055010,0,36
169,Lanark STW,55.67436394,-3.795938206,115603,22960,2021-05-31 13:00:00,0.0,0.0,0,130446010,0,97
170,Langwell Lodge,57.9748238,-5.100589967,354621,26868,2021-05-31 15:00:00,0.0,0.0,0,130374010,0,111
171,Lathro,56.2213192,-3.42872292,14902,24209,2021-05-31 12:00:00,0.0,0.0,0,130602010,0,86
172,Laxdale,57.86865846,-6.893581696,356217,26902,2021-05-31 15:00:00,0.0,0.0,0,130383010,0,59
173,Lecht Weather Station,57.19821668,-3.25888009,412495,27222,2021-05-31 12:00:00,0.0,0.0,0,130863010,0,247
174,Letham Grange,56.60403394,-2.609495534,338381,26694,2021-05-31 13:00:00,0.2,0.2,1,131034010,0,161
175,Lingerton,56.01244753,-5.422443562,133106,23641,2021-05-31 11:00:00,0.0,0.0,0,130491010,0,114
176,Little Assynt,58.1743810886208,-5.15230276806827,234264,25679,2020-12-30 10:00:00,15.4,15.4,20,130335010,1,26
177,Loch Ailsh Level,58.04827715,-4.855312073,354613,26861,2021-05-31 15:00:00,0.0,0.0,0,130371010,0,160
178,Loch Droma,57.73309629,-4.936434641,115368,22511,2021-05-31 15:00:00,0.0,0.0,0,130287010,0,92
179,Loch Katrine,56.22701614,-4.436245731,14910,24243,2021-05-31 12:00:00,0.0,0.0,0,130608010,0,224
180,Loch Restil,56.23604254,-4.853369348,485489,27372,2021-05-31 11:00:00,0.0,0.0,0,130548010,0,113
181,Loch Tormasad,57.56195723,-7.316740973,354622,26875,2020-10-24 17:00:00,17.2,17.2,20,130377010,1,43
182,Loch Venachar,56.23425763,-4.256866368,14898,24193,2021-05-31 12:00:00,0.0,0.0,0,130599010,0,28
183,Lochindorb North,57.41478835,-3.691385645,336847,26596,2021-05-31 11:00:00,0.0,0.0,0,130842010,0,172
184,Lochwinnoch,55.7885315233721,-4.61894323306089,509677,872961,2021-05-31 11:00:00,0.0,0.0,0,130566010,0,265
185,Lossiemouth,57.71918475,-3.323337879,473167,27340,2021-05-31 12:00:00,0.0,0.0,0,130869010,0,106
186,Low Creoch,54.90352684,-4.18922643,115611,22984,2021-05-31 13:00:00,0.0,0.0,0,130058010,0,88
187,Luffness,56.02022484,-2.821888561,14865,24033,2021-05-31 14:00:00,0.0,0.0,0,130578010,0,199
188,Luib,57.5445048,-5.123945869,115376,22542,2021-05-31 15:00:00,0.0,0.0,0,130293010,0,101
189,Lukeston,55.98447497,-4.240765022,327237,26125,2021-05-31 11:00:00,0.0,0.0,0,130521010,0,166
190,Luss Raingauge,56.09892116,-4.638863963,129558,23379,2021-05-31 11:00:00,0.0,0.0,0,130479010,0,240
191,Lyne Station,55.6473318263272,-3.25808918040462,14974,24585,2021-05-31 14:00:00,0.0,0.0,0,130887010,0,220
192,Meadowfoot,55.40534471,-3.799886702,115616,22999,2021-05-31 13:00:00,0.0,0.0,0,130064010,0,96
193,Merton Bank Lochmaben,55.13494009,-3.439865821,115617,23004,2021-05-31 15:00:00,0.0,0.0,0,130067010,0,260
194,Mill Croft,57.2886568,-7.368331541,354623,26881,2021-05-31 15:00:00,0.0,0.0,0,130380010,0,107
195,Mill Of Gavel,57.55561687,-2.009109628,205209,25236,2021-04-29 15:00:00,0.1,0.1,1,130164010,1,243
196,Millport,55.74955539,-4.907441406,115618,23008,2021-05-31 12:00:00,0.2,0.2,1,130449010,0,14
197,Milton of Evelix TBR,57.8912874892072,-4.08416450338909,494729,27473,2021-05-31 15:00:00,0.0,0.0,0,130389010,0,103
198,Minnigaff,54.9588823,-4.471659058,338429,26703,2021-05-31 15:00:00,0.0,0.0,0,130109010,0,229
199,Moar,56.57276553,-4.388958153,14949,24440,2021-05-31 14:00:00,0.0,0.0,0,130971010,0,151
200,Mongour,57.00199506,-2.388582046,115235,22240,2021-05-31 15:00:00,0.0,0.0,0,130146010,0,138
201,Montrose,56.69908575,-2.491155025,15078,24859,2021-05-31 13:00:00,0.0,0.0,0,131001010,0,27
202,Monyquil Farm,55.56419458,-5.271931931,133115,23691,2021-05-31 14:00:00,0.0,0.0,0,130494010,0,99
203,Mouthbridge,55.770128146213,-2.27919326297828,15022,24751,2021-05-28 03:00:00,0.0,0.0,0,130920010,1,62
204,Muirkirk STW,55.51335703,-4.096604222,115622,23016,2021-05-31 12:00:00,0.0,0.0,0,130452010,0,94
205,Muirshiel RG,55.84918458,-4.742664896,490986,27406,2021-05-26 02:00:00,3.6,3.6,5,130560010,1,235
206,Murray Burn,55.91287677,-3.317681386,372859,27130,2021-05-31 12:00:00,0.0,0.0,0,130728010,0,259
207,Murton,56.65077608,-2.823539396,335650,26282,2021-05-31 13:00:00,0.0,0.0,0,131019010,0,241
208,Mylnefield,56.46017678,-3.075838089,335651,26289,2021-05-31 13:00:00,0.0,0.0,0,131022010,0,192
209,Nairn Dunbar Golf Course,57.59406094,-3.842759406,341224,26739,2021-05-31 12:00:00,0.0,0.0,0,130845010,0,125
210,New Kelso,57.42953514,-5.429999168,234289,25756,2021-05-31 15:00:00,0.0,0.0,0,130338010,0,216
211,Newton of Falkland,56.25431474,-3.186268594,15083,24867,2021-05-31 13:00:00,0.0,0.0,0,131004010,0,168
212,Newtonairds,55.10134134,-3.742902191,115627,23030,2021-05-31 15:00:00,0.2,0.2,1,130070010,0,209
213,Nigg Headworks,57.13140193,-2.061103972,335797,26358,2021-05-31 15:00:00,0.0,0.0,0,130191010,0,143
214,North Berwick (Kingston),56.03149667,-2.734270572,335621,26223,2021-05-31 10:00:00,0.2,0.2,1,130713010,0,20
215,Nunraw Abbey,55.92185875,-2.653499917,15215,25156,2021-05-27 22:00:00,1.6,1.6,5,130680010,1,72
216,Old Mill of Newton,57.35801578,-2.577016947,367364,27003,2021-05-31 11:00:00,0.0,0.0,0,130203010,0,128
217,Ormiston Mill,55.5449192444277,-2.47331449245388,15007,24705,2021-05-31 14:00:00,0.0,0.0,0,130911010,0,206
218,Penwhapple Reservoir,55.23585144,-4.747897404,335375,26163,2021-05-31 14:00:00,0.0,0.0,0,130530010,0,164
219,Perth Norwich Union,56.38611935,-3.464092253,341345,26767,2021-05-31 13:00:00,0.0,0.0,0,131037010,0,226
220,Picketlaw Reservoir,55.73611493,-4.281846657,115632,23047,2021-05-31 11:00:00,0.0,0.0,0,130455010,0,11
221,Pluscarden Abbey,57.59946107,-3.433170424,486057,27382,2021-05-31 12:00:00,0.0,0.0,0,130872010,0,77
222,Polhollick,57.05514629,-3.083180673,234294,25784,2021-05-31 15:00:00,0.0,0.0,0,130173010,0,156
223,Polloch,56.75844885,-5.613663683,234295,25792,2021-05-13 12:00:00,7.8,7.8,10,130341010,1,32
224,Polmonthill STW,55.99776804,-3.680208641,15187,25081,2021-05-31 08:00:00,0.0,0.0,0,130653010,0,167
225,Portling,54.87093795,-3.744601282,115634,23055,2021-05-31 15:00:00,0.0,0.0,0,130073010,0,56
226,Portmoak,56.19239436,-3.334726298,15149,24993,2021-05-31 12:00:00,0.2,0.2,1,130614010,0,236
227,Prestwick,55.50523784,-4.610940702,344764,26802,2021-05-31 13:00:00,0.0,0.0,0,130536010,0,60
228,Quarry Head,57.63465034,-2.025944065,335575,26173,2021-05-31 15:00:00,0.0,0.0,0,130182010,0,239
229,Quinloch Farm,56.0079586,-4.377500029,115638,23066,2021-05-31 11:00:00,0.0,0.0,0,130458010,0,178
230,Rest and be Thankful,56.22216848,-4.859016846,485490,27378,2021-05-31 15:00:00,0.0,0.0,0,130551010,0,104
231,Rhian Bridge,58.11499626,-4.439159665,115390,22580,2021-05-31 16:00:00,0.0,0.0,0,130302010,0,90
232,Rhiconich,58.42139172,-4.991227379,336217,26406,2021-05-31 15:00:00,0.0,0.0,0,130353010,0,40
233,RhynieGS,57.3317252,-2.828953912,368013,27022,2021-05-31 00:00:00,0.0,0.0,0,130854010,0,213
234,Ross Priory,56.05257642,-4.55746111,133124,23735,2021-05-31 11:00:00,0.0,0.0,0,130497010,0,258
235,Rossie Farm,56.29912602,-3.202717904,15070,24849,2021-05-27 10:00:00,1.6,1.6,5,130998010,1,46
236,Rothienorman,57.40900118,-2.466784574,115239,22251,2021-05-31 15:00:00,0.0,0.0,0,130149010,0,210
237,Saline,56.12224003,-3.585958925,15155,25010,2021-05-31 12:00:00,0.0,0.0,0,130626010,0,274
238,Saughall,55.60098751,-4.226431521,115645,23081,2021-05-31 12:00:00,0.0,0.0,0,130461010,0,23
239,Scardroy No3,57.51892459,-4.985935657,347562,26823,2021-05-31 05:00:00,0.0,0.0,0,130368010,0,267
240,Sgodachail,57.8932766383122,-4.54697639942866,234305,25824,2021-05-31 13:00:00,0.0,0.0,0,130344010,0,218
241,Shiplaw,55.7279691733531,-3.20729143414443,14975,24592,2021-05-31 14:00:00,0.0,0.0,0,130890010,0,145
242,Shotts WWTW,55.81395203,-3.811987501,494255,27462,2021-05-31 11:00:00,0.0,0.0,0,130563010,0,146
243,Slamannan,55.94205217,-3.832217321,464630,27303,2021-05-31 12:00:00,0.0,0.0,0,130731010,0,251
244,Sluggan,57.2739976291366,-3.87599734801261,234314,25858,2021-05-31 11:00:00,0.0,0.0,0,130818010,0,189
245,Solwaybank,55.08629786,-3.086937218,115647,23089,2021-05-31 15:00:00,0.0,0.0,0,130076010,0,108
246,Sorbie,54.79252816,-4.42628864,115648,23094,2021-05-31 09:00:00,0.0,0.0,0,130079010,0,74
247,South Moorhouse,55.73251416,-4.350287842,115649,23098,2021-05-31 11:00:00,0.0,0.0,0,130464010,0,175
248,Spey Dam,57.01121062,-4.336367491,234315,25866,2021-05-31 11:00:00,0.0,0.0,0,130821010,0,63
249,St Monance,56.2047855,-2.78271364,335620,26218,2021-05-31 12:00:00,0.0,0.0,0,130710010,0,171
250,Stonyford,56.84214794,-2.811870347,369551,27100,2020-12-08 04:00:00,11.2,11.2,20,130212010,1,217
251,Strathkelvin House,55.94300475,-4.172710018,300383,25961,2021-05-31 11:00:00,0.0,0.0,0,130500010,0,38
252,Strathkinness,56.33136897,-2.863918962,11368,22132,2021-05-31 09:00:00,0.0,0.0,0,130953010,0,37
253,Strathy Bridge,58.55872143,-4.002604762,234319,25879,2021-05-31 16:00:00,0.0,0.0,0,130347010,0,140
254,Strathyre,56.32054504,-4.328975608,15172,25046,2021-05-30 16:00:00,0.0,0.0,0,130641010,0,197
255,Strowan,56.36918493,-3.92115763,361047,26934,2021-05-31 13:00:00,0.0,0.0,0,131040010,0,67
256,Tarland WWTP,57.1250488281981,-2.8514504640691,511327,972880,2021-05-31 15:00:00,0.0,0.0,0,130227010,0,148
257,Teviothead,55.3422273375472,-2.9364812156604,14999,24674,2021-05-31 12:00:00,0.0,0.0,0,130902010,0,126
258,The Lecht,57.20200168,-3.249607166,115244,22263,2021-05-31 12:00:00,0.0,0.0,0,130764010,0,246
259,Tillicoultry,56.148819,-3.7458095,15158,25015,2021-05-31 08:00:00,0.0,0.0,0,130629010,0,188
260,Tobermory,56.62026156,-6.080645248,115654,23116,2021-02-08 08:00:00,0.0,0.0,0,130467010,1,262
261,Tomatin No2,57.3381639827187,-4.01336020841456,564863,1442205,2021-05-31 12:00:00,0.0,0.0,0,148020010,0,24
262,Torduff,55.8968016,-3.267160193,15190,25090,2021-05-31 12:00:00,0.0,0.0,0,130659010,0,249
263,Torwinny,57.52198313,-3.446843553,234326,25901,2021-05-31 12:00:00,0.0,0.0,0,130824010,0,264
264,Townfoot (Glencaple),54.99473579,-3.568993615,323188,26100,2021-05-31 15:00:00,0.0,0.0,0,130106010,0,61
265,Tromie Bridge,57.0717185,-3.998638147,234327,25908,2021-05-30 22:00:00,0.0,0.0,0,130827010,0,5
266,Tulchan,57.399186873922,-3.44381881984428,115247,22269,2021-05-31 12:00:00,0.0,0.0,0,130767010,0,153
267,Unthank Raingauge,55.2428144328791,-2.96407300182699,506152,854682,2021-05-31 15:00:00,0.0,0.0,0,130122010,0,69
268,Upper Monachlye,56.39271229,-4.463706898,116007,23185,2021-05-31 04:00:00,0.2,0.2,1,130575010,0,70
269,Urquhart,57.59399199,-4.374371661,115406,22631,2021-05-31 15:00:00,0.0,0.0,0,130311010,0,122
270,Wardend Bridge,57.58239454,-3.608335401,234331,25924,2021-05-24 07:00:00,4.8,4.8,5,130830010,1,275
271,Waterside Perth,56.89929851,-2.820760629,369554,27107,2021-05-31 13:00:00,0.0,0.0,0,130215010,0,58
272,Waulkmill Glen,55.79484353,-4.353627607,115660,23137,2021-05-30 20:00:00,0.0,0.0,0,130470010,0,179
273,Weisdale Mill,60.2593269,-1.288604022,116008,23192,2021-04-05 01:00:00,3.6,3.6,5,130158010,1,252
274,Westhill,57.14756943,-2.291989375,115250,22276,2021-05-31 15:00:00,0.0,0.0,0,130155010,0,194
275,Whitburn,55.87157334,-3.682936938,14881,24105,2021-05-31 12:00:00,0.0,0.0,0,130584010,0,195
276,White Clauchrie,55.1412921,-4.677220867,502874,27530,2021-05-06 11:00:00,3.0,3.0,5,130112010,1,115
